Hold Count,Bull Count,Bear Count,Accuracy,Test Length,Bull Accuracy,Bear Accuracy
119,43,7,91.12426035502959,169.0,0.6744186046511628,0.8571428571428571
