Hold Count,Bull Count,Bear Count,Accuracy,Test Length,Bull Accuracy,Bear Accuracy
147,11,11,94.0828402366864,169.0,0.45454545454545453,0.6363636363636364
