Hold Count,Bull Count,Bear Count,Accuracy,Test Length,Bull Accuracy,Bear Accuracy
129,26,14,90.53254437869822,169.0,0.6923076923076923,0.42857142857142855
