Hold Count,Bull Count,Bear Count,Accuracy,Test Length,Bull Accuracy,Bear Accuracy
121,41,7,90.53254437869822,169.0,0.6341463414634146,0.8571428571428571
