Hold Count,Bull Count,Bear Count,Accuracy,Test Length,Bull Accuracy,Bear Accuracy
118,48,3,92.89940828402366,169.0,0.7708333333333334,0.6666666666666666
