Hold Count,Bull Count,Bear Count,Accuracy,Test Length,Bull Accuracy,Bear Accuracy
131,31,7,94.0828402366864,169.0,0.7419354838709677,0.7142857142857143
