Hold Count,Bull Count,Bear Count,Accuracy,Test Length,Bull Accuracy,Bear Accuracy
125,35,9,91.12426035502959,169.0,0.6285714285714286,0.7777777777777778
