Hold Count,Bull Count,Bear Count,Accuracy,Test Length,Bull Accuracy,Bear Accuracy
136,22,11,96.44970414201184,169.0,0.8181818181818182,0.8181818181818182
