Hold Count,Bull Count,Bear Count,Accuracy,Test Length,Bull Accuracy,Bear Accuracy
143,23,3,96.44970414201184,169.0,0.782608695652174,0.6666666666666666
