Hold Count,Bull Count,Bear Count,Accuracy,Test Length,Bull Accuracy,Bear Accuracy
132,26,15,91.90751445086705,173.0,0.7692307692307693,0.4666666666666667
