Hold Count,Bull Count,Bear Count,Accuracy,Test Length,Bull Accuracy,Bear Accuracy
136,27,6,92.89940828402366,169.0,0.7037037037037037,0.3333333333333333
