Hold Count,Bull Count,Bear Count,Accuracy,Test Length,Bull Accuracy,Bear Accuracy
121,45,3,91.71597633136095,169.0,0.7333333333333333,0.3333333333333333
