Hold Count,Bull Count,Bear Count,Accuracy,Test Length,Bull Accuracy,Bear Accuracy
109,53,11,85.54913294797689,173.0,0.6226415094339622,0.5454545454545454
