Hold Count,Bull Count,Bear Count,Accuracy,Test Length,Bull Accuracy,Bear Accuracy
155,6,11,97.6878612716763,173.0,0.6666666666666666,0.9090909090909091
