Hold Count,Bull Count,Bear Count,Accuracy,Test Length,Bull Accuracy,Bear Accuracy
134,11,24,95.26627218934911,169.0,0.6363636363636364,0.8333333333333334
