Hold Count,Bull Count,Bear Count,Accuracy,Test Length,Bull Accuracy,Bear Accuracy
164,6,3,98.84393063583815,173.0,0.8333333333333334,0.6666666666666666
