Hold Count,Bull Count,Bear Count,Accuracy,Test Length,Bull Accuracy,Bear Accuracy
112,51,6,90.53254437869822,169.0,0.7058823529411765,0.8333333333333334
